Entity,Code,Year,Daily new confirmed cases of COVID-19 per million people
Afghanistan,AFG,36,0
Afghanistan,AFG,37,0
Afghanistan,AFG,38,0
Afghanistan,AFG,39,0
Afghanistan,AFG,40,0
Afghanistan,AFG,41,0
Afghanistan,AFG,42,0
Afghanistan,AFG,43,0
Afghanistan,AFG,44,0
Afghanistan,AFG,45,0
Afghanistan,AFG,46,0
Afghanistan,AFG,47,0.0788333898612535
Afghanistan,AFG,48,0
Afghanistan,AFG,49,0
Afghanistan,AFG,50,0
Afghanistan,AFG,51,0.0788333898612535
Afghanistan,AFG,52,0
Afghanistan,AFG,53,0
Afghanistan,AFG,54,0.0788333898612535
Afghanistan,AFG,55,0.157666779722507
Afghanistan,AFG,56,0.13138898310208916
Albania,ALB,49,0
Albania,ALB,50,2.719207187952281
Albania,ALB,51,0
Albania,ALB,52,4.418711680422456
Albania,ALB,53,3.399008984940351
Albania,ALB,54,1.6995044924701754
Albania,ALB,55,1.3596035939761404
Albania,ALB,56,3.0591080864463156
Algeria,DZA,37,0
Algeria,DZA,38,0
Algeria,DZA,39,0
Algeria,DZA,40,0
Algeria,DZA,41,0
Algeria,DZA,42,0.09230785917189926
Algeria,DZA,43,0
Algeria,DZA,44,0.16153875355082373
Algeria,DZA,45,0
Algeria,DZA,46,0.11538482396487408
Algeria,DZA,47,0
Algeria,DZA,48,0.06923089437892445
Algeria,DZA,49,0
Algeria,DZA,50,0
Algeria,DZA,51,0.11538482396487408
Algeria,DZA,52,0
Algeria,DZA,53,0.023076964792974816
Algeria,DZA,54,0.25384661272272296
Algeria,DZA,55,0.2769235775156978
Algeria,DZA,56,0.25384661272272296
Antigua and Barbuda,ATG,54,0
Antigua and Barbuda,ATG,55,0
Antigua and Barbuda,ATG,56,0
Argentina,ARG,44,0
Argentina,ARG,45,0
Argentina,ARG,46,0.021973000060931124
Argentina,ARG,47,0.15381100042651788
Argentina,ARG,48,0.06591900018279338
Argentina,ARG,49,0
Argentina,ARG,50,0.10986500030465562
Argentina,ARG,51,0.04394600012186225
Argentina,ARG,52,0.26367600073117353
Argentina,ARG,53,0.06591900018279338
Argentina,ARG,54,0.2417030006702424
Argentina,ARG,55,0.2417030006702424
Argentina,ARG,56,0.19775700054838014
Armenia,ARM,42,0
Armenia,ARM,43,0
Armenia,ARM,44,0
Armenia,ARM,45,0
Armenia,ARM,46,0
Armenia,ARM,47,0
Armenia,ARM,48,0
Armenia,ARM,49,0
Armenia,ARM,50,0
Armenia,ARM,51,0
Armenia,ARM,52,0
Armenia,ARM,53,2.382022670730624
Armenia,ARM,54,0
Armenia,ARM,55,6.125201153307319
Armenia,ARM,56,8.84751277699946
Australia,AUS,5,0.03937290459862532
Australia,AUS,6,0
Australia,AUS,7,0.03937290459862532
Australia,AUS,8,0.07874580919725065
Australia,AUS,9,0
Australia,AUS,10,0.07874580919725065
Australia,AUS,11,0.11811871379587596
Australia,AUS,12,0
Australia,AUS,13,0
Australia,AUS,14,0
Australia,AUS,15,0.03937290459862532
Australia,AUS,16,0.03937290459862532
Australia,AUS,17,0.03937290459862532
Australia,AUS,18,0
Australia,AUS,19,0
Australia,AUS,20,0
Australia,AUS,21,0
Australia,AUS,22,0
Australia,AUS,23,0
Australia,AUS,24,0
Australia,AUS,25,0
Australia,AUS,26,0
Australia,AUS,27,0
Australia,AUS,28,0
Australia,AUS,29,0
Australia,AUS,30,0
Australia,AUS,31,0.07874580919725065
Australia,AUS,32,0.1574916183945013
Australia,AUS,33,0.03937290459862532
Australia,AUS,34,0
Australia,AUS,35,0
Australia,AUS,36,0.03937290459862532
Australia,AUS,37,0
Australia,AUS,38,0
Australia,AUS,39,0.03937290459862532
Australia,AUS,40,0.03937290459862532
Australia,AUS,41,0.07874580919725065
Australia,AUS,42,0.23623742759175193
Australia,AUS,43,0.3937290459862532
Australia,AUS,44,0.5512206643807545
Australia,AUS,45,0
Australia,AUS,46,0.1968645229931266
Australia,AUS,47,0.47247485518350385
Australia,AUS,48,0.11811871379587596
Australia,AUS,49,0.5905935689793798
Australia,AUS,50,0.7874580919725064
Australia,AUS,51,0.3937290459862532
Australia,AUS,52,0.7087122827752558
Australia,AUS,53,2.2442555621216433
Australia,AUS,54,2.0473910391285166
Australia,AUS,55,1.9292723253326407
Australia,AUS,56,3.03171365409415
Austria,AUT,37,0
Austria,AUT,38,0.22773311045852926
Austria,AUT,39,0.11386655522926463
Austria,AUT,40,0.5693327761463232
Austria,AUT,41,0
Austria,AUT,42,0.910932441834117
Austria,AUT,43,0.6831993313755877
Austria,AUT,44,1.48026521798044
Austria,AUT,45,1.1386655522926463
Austria,AUT,46,2.163464549356028
Austria,AUT,47,4.326929098712056
Austria,AUT,48,0.910932441834117
Austria,AUT,49,2.163464549356028
Austria,AUT,50,5.807194316692496
Austria,AUT,51,13.663986627511756
Austria,AUT,52,6.718126758526613
Austria,AUT,53,16.282917397784843
Austria,AUT,54,33.70450034786233
Austria,AUT,55,18.104782281453076
Austria,AUT,56,19.69891405466278
Azerbaijan,AZE,41,0
Azerbaijan,AZE,42,0
Azerbaijan,AZE,43,0
Azerbaijan,AZE,44,0
Azerbaijan,AZE,45,0
Azerbaijan,AZE,46,0.5940745224903248
Azerbaijan,AZE,47,0
Azerbaijan,AZE,48,0
Azerbaijan,AZE,49,0
Azerbaijan,AZE,50,0
Azerbaijan,AZE,51,0
Azerbaijan,AZE,52,0.19802484083010824
Azerbaijan,AZE,53,0
Azerbaijan,AZE,54,0.792099363320433
Azerbaijan,AZE,55,0
Azerbaijan,AZE,56,0
Bahrain,BHR,36,10.60217403468678
Bahrain,BHR,37,4.12306768015597
Bahrain,BHR,38,0
Bahrain,BHR,39,2.94504834296855
Bahrain,BHR,40,1.17801933718742
Bahrain,BHR,41,4.12306768015597
Bahrain,BHR,42,1.17801933718742
Bahrain,BHR,43,0
Bahrain,BHR,44,0
Bahrain,BHR,45,0
Bahrain,BHR,46,0
Bahrain,BHR,47,4.12306768015597
Bahrain,BHR,48,13.547222377655329
Bahrain,BHR,49,17.6702900578113
Bahrain,BHR,50,0.58900966859371
Bahrain,BHR,51,46.53176381890309
Bahrain,BHR,52,3.53405801156226
Bahrain,BHR,53,8.83514502890565
Bahrain,BHR,54,0.58900966859371
Bahrain,BHR,55,5.8900966859371
Bahrain,BHR,56,4.71207734874968
Bangladesh,BGD,49,0
Bangladesh,BGD,50,0
Bangladesh,BGD,51,0
Bangladesh,BGD,52,0
Bangladesh,BGD,53,0
Bangladesh,BGD,54,0
Bangladesh,BGD,55,0.011780276011749155
Bangladesh,BGD,56,0.01767041401762373
Belarus,BLR,39,0
Belarus,BLR,40,0
Belarus,BLR,41,0
Belarus,BLR,42,0
Belarus,BLR,43,0
Belarus,BLR,44,0.531043135465599
Belarus,BLR,45,0
Belarus,BLR,46,0
Belarus,BLR,47,0
Belarus,BLR,48,0
Belarus,BLR,49,0
Belarus,BLR,50,0.31862588127935937
Belarus,BLR,51,0.31862588127935937
Belarus,BLR,52,0
Belarus,BLR,53,0.9558776438380782
Belarus,BLR,54,0
Belarus,BLR,55,1.593129406396797
Belarus,BLR,56,0
Belgium,BEL,16,0
Belgium,BEL,17,0
Belgium,BEL,18,0
Belgium,BEL,19,0
Belgium,BEL,20,0
Belgium,BEL,21,0
Belgium,BEL,22,0
Belgium,BEL,23,0
Belgium,BEL,24,0
Belgium,BEL,25,0
Belgium,BEL,26,0
Belgium,BEL,27,0
Belgium,BEL,28,0
Belgium,BEL,29,0
Belgium,BEL,30,0
Belgium,BEL,31,0
Belgium,BEL,32,0
Belgium,BEL,33,0
Belgium,BEL,34,0
Belgium,BEL,35,0
Belgium,BEL,36,0
Belgium,BEL,37,0
Belgium,BEL,38,0
Belgium,BEL,39,0
Belgium,BEL,40,0
Belgium,BEL,41,0
Belgium,BEL,42,0.6024110901472052
Belgium,BEL,43,0
Belgium,BEL,44,1.2908809074582968
Belgium,BEL,45,2.3235856334249343
Belgium,BEL,46,5.0774649026693
Belgium,BEL,47,5.163523629833187
Belgium,BEL,48,2.66782054208048
Belgium,BEL,49,3.3562903593915716
Belgium,BEL,50,2.4096443605888207
Belgium,BEL,51,4.044760176702663
Belgium,BEL,52,0
Belgium,BEL,53,24.52673724170764
Belgium,BEL,54,7.74528544474978
Belgium,BEL,55,34.07925595689903
Belgium,BEL,56,0
Bhutan,BTN,46,0
Bhutan,BTN,47,0
Bhutan,BTN,48,0
Bhutan,BTN,49,0
Bhutan,BTN,50,0
Bhutan,BTN,51,0
Bhutan,BTN,52,0
Bhutan,BTN,53,0
Bhutan,BTN,54,0
Bhutan,BTN,55,0
Bhutan,BTN,56,0
Bolivia,BOL,51,0
Bolivia,BOL,52,0.08662522169559862
Bolivia,BOL,53,0
Bolivia,BOL,54,0
Bolivia,BOL,55,0.693001773564789
Bolivia,BOL,56,0
Bosnia and Herzegovina,BIH,45,0
Bosnia and Herzegovina,BIH,46,0
Bosnia and Herzegovina,BIH,47,0
Bosnia and Herzegovina,BIH,48,0
Bosnia and Herzegovina,BIH,49,0
Bosnia and Herzegovina,BIH,50,0.5717209658653998
Bosnia and Herzegovina,BIH,51,0
Bosnia and Herzegovina,BIH,52,0
Bosnia and Herzegovina,BIH,53,2.001023380528899
Bosnia and Herzegovina,BIH,54,2.001023380528899
Bosnia and Herzegovina,BIH,55,0
Bosnia and Herzegovina,BIH,56,0.2858604829326999
Brazil,BRA,38,0
Brazil,BRA,39,0
Brazil,BRA,40,0.004675889634528071
Brazil,BRA,41,0
Brazil,BRA,42,0
Brazil,BRA,43,0
Brazil,BRA,44,0.004675889634528071
Brazil,BRA,45,0.018703558538112282
Brazil,BRA,46,0.028055337807168425
Brazil,BRA,47,0.028055337807168425
Brazil,BRA,48,0.028055337807168425
Brazil,BRA,49,0
Brazil,BRA,50,0.042083006710752636
Brazil,BRA,51,0.08416601342150527
Brazil,BRA,52,0.11689724086320177
Brazil,BRA,53,0.09819368232508949
Brazil,BRA,54,0.10754546159414563
Brazil,BRA,55,0.3693952811277176
Brazil,BRA,56,0.1589802475739544
Brunei,BRN,50,0
Brunei,BRN,51,24.745848883849735
Brunei,BRN,52,0
Brunei,BRN,53,29.24509413545878
Brunei,BRN,54,33.74433938706782
Brunei,BRN,55,22.496226258045212
Brunei,BRN,56,0
Bulgaria,BGR,48,0.28816255595576534
Bulgaria,BGR,49,0
Bulgaria,BGR,50,0.28816255595576534
Bulgaria,BGR,51,0.14408127797788267
Bulgaria,BGR,52,0
Bulgaria,BGR,53,0
Bulgaria,BGR,54,5.186926007203776
Bulgaria,BGR,55,1.1526502238230614
Bulgaria,BGR,56,2.3053004476461227
Burkina Faso,BFA,51,0
Burkina Faso,BFA,52,0
Burkina Faso,BFA,53,0
Burkina Faso,BFA,54,0.04783923338585284
Burkina Faso,BFA,55,0
Burkina Faso,BFA,56,0.574070800630234
Cambodia,KHM,8,0
Cambodia,KHM,9,0
Cambodia,KHM,10,0
Cambodia,KHM,11,0
Cambodia,KHM,12,0
Cambodia,KHM,13,0
Cambodia,KHM,14,0
Cambodia,KHM,15,0
Cambodia,KHM,16,0
Cambodia,KHM,17,0
Cambodia,KHM,18,0
Cambodia,KHM,19,0
Cambodia,KHM,20,0
Cambodia,KHM,21,0
Cambodia,KHM,22,0
Cambodia,KHM,23,0
Cambodia,KHM,24,0
Cambodia,KHM,25,0
Cambodia,KHM,26,0
Cambodia,KHM,27,0
Cambodia,KHM,28,0
Cambodia,KHM,29,0
Cambodia,KHM,30,0
Cambodia,KHM,31,0
Cambodia,KHM,32,0
Cambodia,KHM,33,0
Cambodia,KHM,34,0
Cambodia,KHM,35,0
Cambodia,KHM,36,0
Cambodia,KHM,37,0
Cambodia,KHM,38,0
Cambodia,KHM,39,0
Cambodia,KHM,40,0
Cambodia,KHM,41,0
Cambodia,KHM,42,0
Cambodia,KHM,43,0
Cambodia,KHM,44,0
Cambodia,KHM,45,0
Cambodia,KHM,46,0
Cambodia,KHM,47,0.05982468495722654
Cambodia,KHM,48,0
Cambodia,KHM,49,0
Cambodia,KHM,50,0.05982468495722654
Cambodia,KHM,51,0
Cambodia,KHM,52,0.11964936991445307
Cambodia,KHM,53,0.11964936991445307
Cambodia,KHM,54,0
Cambodia,KHM,55,0.2991234247861327
Cambodia,KHM,56,0.7178962194867184
Cameroon,CMR,46,0.038523496096645286
Cameroon,CMR,47,0
Cameroon,CMR,48,0
Cameroon,CMR,49,0
Cameroon,CMR,50,0
Cameroon,CMR,51,0
Cameroon,CMR,52,0
Cameroon,CMR,53,0
Cameroon,CMR,54,0.038523496096645286
Cameroon,CMR,55,0
Cameroon,CMR,56,0.07704699219329057
Canada,CAN,7,0.026593477869772
Canada,CAN,8,0.026593477869772
Canada,CAN,9,0
Canada,CAN,10,0
Canada,CAN,11,0.026593477869772
Canada,CAN,12,0
Canada,CAN,13,0
Canada,CAN,14,0
Canada,CAN,15,0.026593477869772
Canada,CAN,16,0
Canada,CAN,17,0.053186955739544
Canada,CAN,18,0
Canada,CAN,19,0
Canada,CAN,20,0
Canada,CAN,21,0
Canada,CAN,22,0
Canada,CAN,23,0
Canada,CAN,24,0
Canada,CAN,25,0
Canada,CAN,26,0
Canada,CAN,27,0
Canada,CAN,28,0.026593477869772
Canada,CAN,29,0
Canada,CAN,30,0
Canada,CAN,31,0
Canada,CAN,32,0
Canada,CAN,33,0.026593477869772
Canada,CAN,34,0
Canada,CAN,35,0.026593477869772
Canada,CAN,36,0
Canada,CAN,37,0.026593477869772
Canada,CAN,38,0
Canada,CAN,39,0.07978043360931601
Canada,CAN,40,0.13296738934886002
Canada,CAN,41,0
Canada,CAN,42,0.212747822958176
Canada,CAN,43,0.07978043360931601
Canada,CAN,44,0
Canada,CAN,45,0.39890216804658
Canada,CAN,46,0.15956086721863202
Canada,CAN,47,0.15956086721863202
Canada,CAN,48,0.13296738934886002
Canada,CAN,49,0.39890216804658
Canada,CAN,50,0.425495645916352
Canada,CAN,51,0
Canada,CAN,52,1.1967065041397402
Canada,CAN,53,1.0105521590513362
Canada,CAN,54,1.8083564951444961
Canada,CAN,55,1.59560867218632
Canada,CAN,56,3.19121734437264
Central African Republic,CAF,55,0
Central African Republic,CAF,56,0
Chile,CHL,44,0
Chile,CHL,45,0
Chile,CHL,46,0.21653646779975508
Chile,CHL,47,0
Chile,CHL,48,0.27067058474969385
Chile,CHL,49,0.1624023508498163
Chile,CHL,50,0.21653646779975508
Chile,CHL,51,0.3248047016996326
Chile,CHL,52,0.5413411694993877
Chile,CHL,53,0.5413411694993877
Chile,CHL,54,0.9744141050988978
Chile,CHL,55,0.7578776372991428
Chile,CHL,56,4.384863472945041
China,CHN,1,0.022463261346597298
China,CHN,2,0.1853219061094277
China,CHN,3,0.1832159753581842
China,CHN,4,0.3243133356914985
China,CHN,5,0.4829601189518419
China,CHN,6,0.5447340876549844
China,CHN,7,1.24671100473615
China,CHN,8,1.0248862989385017
China,CHN,9,1.2207378588041469
China,CHN,10,1.3927222034890325
China,CHN,11,1.4748535027875287
China,CHN,12,1.8181202152402187
China,CHN,13,1.984488744588455
China,CHN,14,2.269491372923408
China,CHN,15,2.732094161279896
China,CHN,16,2.595208662449069
China,CHN,17,2.2119292657227527
China,CHN,18,2.3775958181539076
China,CHN,19,1.8623447610163322
China,CHN,20,2.094699120570198
China,CHN,21,1.7359889159417223
China,CHN,22,1.4193973263381168
China,CHN,23,1.2775979890877214
China,CHN,24,1.4025498803281689
China,CHN,25,1.0571772371242354
China,CHN,26,0.7862141471309054
China,CHN,27,13.661172783316562
China,CHN,28,1.3288423040346464
China,CHN,29,1.2298635587262021
China,CHN,30,0.2772808822470604
China,CHN,31,0.627567363870562
China,CHN,32,0.5777270027577992
China,CHN,33,0.4562849961027576
China,CHN,34,0.15443492175785642
China,CHN,35,0.36362404304804374
China,CHN,36,0.288512512920359
China,CHN,37,0.30816786659863166
China,CHN,38,0.2323543595538658
China,CHN,39,0.3039560050961447
China,CHN,40,0.40293475040458904
China,CHN,41,0.1446072449187201
China,CHN,42,0.09125699922055153
China,CHN,43,0.08283327621557754
China,CHN,44,0.10038269914260667
China,CHN,45,0.10248862989385017
China,CHN,46,0.07160164554227888
China,CHN,47,0.032290938185733614
China,CHN,48,0.031588961268652446
China,CHN,49,0.01403953834162331
China,CHN,50,0.021761284429516133
China,CHN,51,0.018251399844110304
China,CHN,52,0.007019769170811655
China,CHN,53,0.021059307512434965
China,CHN,54,0.01895337676119147
China,CHN,55,0.0203573305953538
China,CHN,56,0.027377099766165456
Colombia,COL,47,0
Colombia,COL,48,0
Colombia,COL,49,0.03982444429169557
Colombia,COL,50,0
Colombia,COL,51,0.1194733328750867
Colombia,COL,52,0
Colombia,COL,53,0.1393855550209345
Colombia,COL,54,0.15929777716678228
Colombia,COL,55,0
Colombia,COL,56,0.41815666506280347
Congo,COG,55,0
Congo,COG,56,0
Costa Rica,CRI,48,0.7929932700643654
Costa Rica,CRI,49,0
Costa Rica,CRI,50,0.7929932700643654
Costa Rica,CRI,51,0
Costa Rica,CRI,52,1.784234857644822
Costa Rica,CRI,53,0.19824831751609134
Costa Rica,CRI,54,0
Costa Rica,CRI,55,0
Costa Rica,CRI,56,3.568469715289644
Cote d'Ivoire,CIV,52,0
Cote d'Ivoire,CIV,53,0
Cote d'Ivoire,CIV,54,0.07641827543056923
Cote d'Ivoire,CIV,55,0
Cote d'Ivoire,CIV,56,0.11462741314585384
Croatia,HRV,37,0.24295745304786479
Croatia,HRV,38,0
Croatia,HRV,39,0.48591490609572957
Croatia,HRV,40,0.48591490609572957
Croatia,HRV,41,0
Croatia,HRV,42,0.24295745304786479
Croatia,HRV,43,0.24295745304786479
Croatia,HRV,44,0
Croatia,HRV,45,0.24295745304786479
Croatia,HRV,46,0.24295745304786479
Croatia,HRV,47,0
Croatia,HRV,48,0
Croatia,HRV,49,0.24295745304786479
Croatia,HRV,50,0.9718298121914591
Croatia,HRV,51,0
Croatia,HRV,52,0
Croatia,HRV,53,2.672531983526513
Croatia,HRV,54,2.429574530478648
Croatia,HRV,55,2.9154894365743775
Croatia,HRV,56,1.7007021713350536
Cuba,CUB,53,0.08699062206297913
Cuba,CUB,54,0
Cuba,CUB,55,0
Cuba,CUB,56,0.08699062206297913
Curacao,CUW,55,0
Curacao,CUW,56,6.116394996788893
Cyprus,CYP,50,0
Cyprus,CYP,51,3.3130601660008794
Cyprus,CYP,52,0
Cyprus,CYP,53,6.626120332001759
Cyprus,CYP,54,5.7978552905015395
Cyprus,CYP,55,9.939180498002639
Cyprus,CYP,56,0
Czech Republic,CZE,42,0
Czech Republic,CZE,43,0.1880861705505207
Czech Republic,CZE,44,0
Czech Republic,CZE,45,0.6583015969268224
Czech Republic,CZE,46,0
Czech Republic,CZE,47,1.3166031938536449
Czech Republic,CZE,48,0.5642585116515622
Czech Republic,CZE,49,0.5642585116515622
Czech Republic,CZE,50,2.162990961330988
Czech Republic,CZE,51,3.1034218140835916
Czech Republic,CZE,52,2.0689478760557276
Czech Republic,CZE,53,3.197464899358852
Czech Republic,CZE,54,6.018757457616663
Czech Republic,CZE,55,7.899619163121869
Czech Republic,CZE,56,7.99366224839713
Democratic Republic of Congo,COD,51,0
Democratic Republic of Congo,COD,52,0
Democratic Republic of Congo,COD,53,0.011172535102178029
Democratic Republic of Congo,COD,54,0
Democratic Republic of Congo,COD,55,0
Democratic Republic of Congo,COD,56,0.011172535102178029
Denmark,DNK,38,0
Denmark,DNK,39,0.17250897046646424
Denmark,DNK,40,0.17250897046646424
Denmark,DNK,41,0.17250897046646424
Denmark,DNK,42,0.17250897046646424
Denmark,DNK,43,0.5175269113993928
Denmark,DNK,44,0.3450179409329285
Denmark,DNK,45,1.380071763731714
Denmark,DNK,46,0.8625448523323213
Denmark,DNK,47,1.380071763731714
Denmark,DNK,48,0.8625448523323213
Denmark,DNK,49,9.31548440518907
Denmark,DNK,50,29.67154292023185
Denmark,DNK,51,60.89566657466188
Denmark,DNK,52,10.178029257521391
Denmark,DNK,53,21.90863924924096
Denmark,DNK,54,4.485233232128071
Denmark,DNK,55,12.248136903118962
Denmark,DNK,56,10.695556168920783
Dominican Republic,DOM,42,0
Dominican Republic,DOM,43,0
Dominican Republic,DOM,44,0
Dominican Republic,DOM,45,0
Dominican Republic,DOM,46,0
Dominican Republic,DOM,47,0
Dominican Republic,DOM,48,0
Dominican Republic,DOM,49,0.36008922290765205
Dominican Republic,DOM,50,0
Dominican Republic,DOM,51,0
Dominican Republic,DOM,52,0
Dominican Republic,DOM,53,0
Dominican Republic,DOM,54,0
Dominican Republic,DOM,55,0
Dominican Republic,DOM,56,1.4403568916306082
Ecuador,ECU,41,0
Ecuador,ECU,42,0.2884231227202315
Ecuador,ECU,43,0.057684624544046305
Ecuador,ECU,44,0
Ecuador,ECU,45,0.34610774726427784
Ecuador,ECU,46,0.057684624544046305
Ecuador,ECU,47,0
Ecuador,ECU,48,0.057684624544046305
Ecuador,ECU,49,0
Ecuador,ECU,50,0
Ecuador,ECU,51,0.11536924908809261
Ecuador,ECU,52,0
Ecuador,ECU,53,0.34610774726427784
Ecuador,ECU,54,0
Ecuador,ECU,55,0.8075847436166483
Ecuador,ECU,56,1.2113771154249724
Egypt,EGY,26,0
Egypt,EGY,27,0
Egypt,EGY,28,0
Egypt,EGY,29,0
Egypt,EGY,30,0
Egypt,EGY,31,0
Egypt,EGY,32,0
Egypt,EGY,33,0
Egypt,EGY,34,0
Egypt,EGY,35,0
Egypt,EGY,36,0
Egypt,EGY,37,0
Egypt,EGY,38,0
Egypt,EGY,39,0
Egypt,EGY,40,0
Egypt,EGY,41,0.009714256693637718
Egypt,EGY,42,0
Egypt,EGY,43,0
Egypt,EGY,44,0
Egypt,EGY,45,0.009714256693637718
Egypt,EGY,46,0
Egypt,EGY,47,0.4371415512136973
Egypt,EGY,48,0.06799979685546402
Egypt,EGY,49,0.03885702677455087
Egypt,EGY,50,0
Egypt,EGY,51,0.07771405354910174
Egypt,EGY,52,0
Egypt,EGY,53,0.25257067403458067
Egypt,EGY,54,0
Egypt,EGY,55,0.32057047089004465
Egypt,EGY,56,0.3885702677455087
Equatorial Guinea,GNQ,55,0
Equatorial Guinea,GNQ,56,0
Estonia,EST,38,0
Estonia,EST,39,0
Estonia,EST,40,0
Estonia,EST,41,0
Estonia,EST,42,0
Estonia,EST,43,0.7689001421696363
Estonia,EST,44,0
Estonia,EST,45,0.7689001421696363
Estonia,EST,46,5.382300995187454
Estonia,EST,47,0
Estonia,EST,48,0
Estonia,EST,49,0
Estonia,EST,50,2.306700426508909
Estonia,EST,51,0
Estonia,EST,52,0
Estonia,EST,53,50.74740938319599
Estonia,EST,54,0
Estonia,EST,55,96.88141791337416
Estonia,EST,56,0
Ethiopia,ETH,54,0
Ethiopia,ETH,55,0
Ethiopia,ETH,56,0.035473864763162735
Finland,FIN,10,0
Finland,FIN,11,0
Finland,FIN,12,0
Finland,FIN,13,0
Finland,FIN,14,0
Finland,FIN,15,0
Finland,FIN,16,0
Finland,FIN,17,0
Finland,FIN,18,0
Finland,FIN,19,0
Finland,FIN,20,0
Finland,FIN,21,0
Finland,FIN,22,0
Finland,FIN,23,0
Finland,FIN,24,0
Finland,FIN,25,0
Finland,FIN,26,0
Finland,FIN,27,0
Finland,FIN,28,0
Finland,FIN,29,0
Finland,FIN,30,0
Finland,FIN,31,0
Finland,FIN,32,0
Finland,FIN,33,0
Finland,FIN,34,0
Finland,FIN,35,0
Finland,FIN,36,0
Finland,FIN,37,0.17920739079952844
Finland,FIN,38,0
Finland,FIN,39,0
Finland,FIN,40,0
Finland,FIN,41,0.7168295631981138
Finland,FIN,42,0.17920739079952844
Finland,FIN,43,0
Finland,FIN,44,0
Finland,FIN,45,0.8960369539976422
Finland,FIN,46,1.2544517355966989
Finland,FIN,47,0
Finland,FIN,48,1.9712812987948127
Finland,FIN,49,1.7920739079952843
Finland,FIN,50,0
Finland,FIN,51,0
Finland,FIN,52,12.36530996516746
Finland,FIN,53,0
Finland,FIN,54,18.09994647075237
Finland,FIN,55,10.21482127557312
Finland,FIN,56,0.8960369539976422
France,FRA,5,0
France,FRA,6,0
France,FRA,7,0
France,FRA,8,0.01521579844179573
France,FRA,9,0.01521579844179573
France,FRA,10,0.01521579844179573
France,FRA,11,0
France,FRA,12,0
France,FRA,13,0
France,FRA,14,0
France,FRA,15,0
France,FRA,16,0
France,FRA,17,0
France,FRA,18,0
France,FRA,19,0.07607899220897865
France,FRA,20,0
France,FRA,21,0
France,FRA,22,0
France,FRA,23,0
France,FRA,24,0
France,FRA,25,0
France,FRA,26,0.01521579844179573
France,FRA,27,0
France,FRA,28,0
France,FRA,29,0
France,FRA,30,0
France,FRA,31,0
France,FRA,32,0
France,FRA,33,0
France,FRA,34,0
France,FRA,35,0
France,FRA,36,0
France,FRA,37,0.09129479065077438
France,FRA,38,0.3043159688359146
France,FRA,39,0.28910017039411884
France,FRA,40,0.6542793329972163
France,FRA,41,0
France,FRA,42,1.3846376582034114
France,FRA,43,0.3195317672777103
France,FRA,44,1.065105890925701
France,FRA,45,2.099780184967811
France,FRA,46,2.936649099266576
France,FRA,47,1.4150692550870028
France,FRA,48,6.238477361136249
France,FRA,49,4.3517183543535785
France,FRA,50,5.660277020348011
France,FRA,51,7.531820228688886
France,FRA,52,8.992536879101277
France,FRA,53,11.868322784600668
France,FRA,54,12.613896908248659
France,FRA,55,13.861592380475908
France,FRA,56,18.152447541062305
French Guiana,GUF,48,0
French Guiana,GUF,49,0
French Guiana,GUF,50,0
French Guiana,GUF,51,0
French Guiana,GUF,52,3.289668467211875
French Guiana,GUF,53,0
French Guiana,GUF,54,3.289668467211875
French Guiana,GUF,55,0
French Guiana,GUF,56,0
French Polynesia,PYF,52,0
French Polynesia,PYF,53,0
French Polynesia,PYF,54,6.878903777893955
French Polynesia,PYF,55,0
French Polynesia,PYF,56,0
Gabon,GAB,54,0
Gabon,GAB,55,0
Gabon,GAB,56,0
Georgia,GEO,38,0
Georgia,GEO,39,0.2565070055910832
Georgia,GEO,40,0.2565070055910832
Georgia,GEO,41,0
Georgia,GEO,42,0
Georgia,GEO,43,0
Georgia,GEO,44,0
Georgia,GEO,45,1.5390420335464992
Georgia,GEO,46,0
Georgia,GEO,47,0.7695210167732496
Georgia,GEO,48,0.2565070055910832
Georgia,GEO,49,0.5130140111821664
Georgia,GEO,50,2.0520560447286655
Georgia,GEO,51,0
Georgia,GEO,52,0.5130140111821664
Georgia,GEO,53,0
Georgia,GEO,54,1.282535027955416
Georgia,GEO,55,0.7695210167732496
Georgia,GEO,56,0
Germany,DEU,8,0.036345815899961775
Germany,DEU,9,0
Germany,DEU,10,0.012115271966653924
Germany,DEU,11,0.024230543933307848
Germany,DEU,12,0.012115271966653924
Germany,DEU,13,0.024230543933307848
Germany,DEU,14,0.024230543933307848
Germany,DEU,15,0
Germany,DEU,16,0
Germany,DEU,17,0.012115271966653924
Germany,DEU,18,0.012115271966653924
Germany,DEU,19,0
Germany,DEU,20,0
Germany,DEU,21,0
Germany,DEU,22,0.024230543933307848
Germany,DEU,23,0
Germany,DEU,24,0
Germany,DEU,25,0
Germany,DEU,26,0
Germany,DEU,27,0
Germany,DEU,28,0
Germany,DEU,29,0
Germany,DEU,30,0
Germany,DEU,31,0
Germany,DEU,32,0
Germany,DEU,33,0
Germany,DEU,34,0
Germany,DEU,35,0
Germany,DEU,36,0.024230543933307848
Germany,DEU,37,0.036345815899961775
Germany,DEU,38,0.06057635983326962
Germany,DEU,39,0.37557343096627166
Germany,DEU,40,0
Germany,DEU,41,0.8722995815990826
Germany,DEU,42,0.3392276150663099
Germany,DEU,43,0.4724956066995031
Germany,DEU,44,0.7996079497991591
Germany,DEU,45,3.2953539749298675
Germany,DEU,46,1.272103556498662
Germany,DEU,47,1.8899824267980123
Germany,DEU,48,3.840541213429294
Germany,DEU,49,0.327112343099656
Germany,DEU,50,1.902097698764666
Germany,DEU,51,3.2832387029632133
Germany,DEU,52,9.716448117256448
Germany,DEU,53,8.39588347289117
Germany,DEU,54,8.880494351557326
Germany,DEU,55,12.636228661220043
Germany,DEU,56,14.223329288851707
Ghana,GHA,54,0.032537514534101024
Ghana,GHA,55,0
Ghana,GHA,56,0.1301500581364041
Greece,GRC,38,0.1801384399939041
Greece,GRC,39,0
Greece,GRC,40,0
Greece,GRC,41,0.3602768799878082
Greece,GRC,42,0
Greece,GRC,43,0
Greece,GRC,44,0.1801384399939041
Greece,GRC,45,2.0715920599298974
Greece,GRC,46,0
Greece,GRC,47,3.06235347989637
Greece,GRC,48,0.6304845399786644
Greece,GRC,49,0
Greece,GRC,50,1.4411075199512329
Greece,GRC,51,0.8106229799725685
Greece,GRC,52,0
Greece,GRC,53,0
Greece,GRC,54,11.708998599603767
Greece,GRC,55,9.27712965968606
Greece,GRC,56,0
Guatemala,GTM,56,0
Guinea,GIN,54,0
Guinea,GIN,55,0
Guinea,GIN,56,0
Guyana,GUY,53,0
Guyana,GUY,54,0
Guyana,GUY,55,3.7937130587190913
Guyana,GUY,56,0
Honduras,HND,52,0
Honduras,HND,53,0
Honduras,HND,54,0
Honduras,HND,55,0
Honduras,HND,56,0.6173306314829362
Hungary,HUN,45,0
Hungary,HUN,46,0.3118096663906805
Hungary,HUN,47,0.2078731109271203
Hungary,HUN,48,0.2078731109271203
Hungary,HUN,49,0
Hungary,HUN,50,0.4157462218542406
Hungary,HUN,51,0
Hungary,HUN,52,0.3118096663906805
Hungary,HUN,53,0.3118096663906805
Hungary,HUN,54,1.351175221026282
Hungary,HUN,55,0.727555888244921
Hungary,HUN,56,1.1433021100991616
Iceland,ISL,42,20.39460650063515
Iceland,ISL,43,20.39460650063515
Iceland,ISL,44,29.135152143764497
Iceland,ISL,45,0
Iceland,ISL,46,55.35678907315254
Iceland,ISL,47,0
Iceland,ISL,48,29.135152143764497
Iceland,ISL,49,0
Iceland,ISL,50,17.4810912862587
Iceland,ISL,51,0
Iceland,ISL,52,0
Iceland,ISL,53,0
Iceland,ISL,54,224.34067150698664
Iceland,ISL,55,0
Iceland,ISL,56,177.72442807696342
India,IND,10,0
India,IND,11,0
India,IND,12,0.0007229624237251056
India,IND,13,0.0007229624237251056
India,IND,14,0
India,IND,15,0
India,IND,16,0
India,IND,17,0
India,IND,18,0
India,IND,19,0
India,IND,20,0
India,IND,21,0
India,IND,22,0
India,IND,23,0
India,IND,24,0
India,IND,25,0
India,IND,26,0
India,IND,27,0
India,IND,28,0
India,IND,29,0
India,IND,30,0
India,IND,31,0
India,IND,32,0
India,IND,33,0
India,IND,34,0
India,IND,35,0
India,IND,36,0
India,IND,37,0
India,IND,38,0
India,IND,39,0
India,IND,40,0
India,IND,41,0
India,IND,42,0.0014459248474502113
India,IND,43,0.0007229624237251056
India,IND,44,0.016628135745677432
India,IND,45,0.0007229624237251056
India,IND,46,0.0007229624237251056
India,IND,47,0.002168887271175317
India,IND,48,0.006506661813525951
India,IND,49,0.0007229624237251056
India,IND,50,0.01156739877960169
India,IND,51,0.009398511508426374
India,IND,52,0.0007229624237251056
India,IND,53,0.005783699389800845
India,IND,54,0.01807406059312764
India,IND,55,0.00506073696607574
India,IND,56,0.016628135745677432
Indonesia,IDN,42,0
Indonesia,IDN,43,0
Indonesia,IDN,44,0
Indonesia,IDN,45,0
Indonesia,IDN,46,0
Indonesia,IDN,47,0.014693836270336718
Indonesia,IDN,48,0
Indonesia,IDN,49,0.04775496787859433
Indonesia,IDN,50,0.029387672540673437
Indonesia,IDN,51,0.02571421347308926
Indonesia,IDN,52,0
Indonesia,IDN,53,0.1285710673654463
Indonesia,IDN,54,0.1763260352440406
Indonesia,IDN,55,0
Indonesia,IDN,56,0.2020402487171299
Iran,IRN,31,0.03589069317119385
Iran,IRN,32,0.15552633707517338
Iran,IRN,33,0.11963564390397952
Iran,IRN,34,0.17945346585596927
Iran,IRN,35,0.21534415902716314
Iran,IRN,36,0.40676118927353033
Iran,IRN,37,0.5503239619583058
Iran,IRN,38,1.244210696601387
Iran,IRN,39,1.710789707826907
Iran,IRN,40,2.45253070003158
Iran,IRN,41,4.605972290303211
Iran,IRN,42,6.256944176178129
Iran,IRN,43,9.98957626598229
Iran,IRN,44,7.0106487327732
Iran,IRN,45,7.070466554725189
Iran,IRN,46,14.763038457751072
Iran,IRN,47,12.872795284068197
Iran,IRN,48,8.888928342065679
Iran,IRN,49,7.118320812286782
Iran,IRN,50,10.539900227940596
Iran,IRN,51,11.461094686001237
Iran,IRN,52,12.860831719677797
Iran,IRN,53,15.42103449922296
Iran,IRN,54,16.330265392893203
Iran,IRN,55,27.061582651080165
Iran,IRN,56,0
Iraq,IRQ,36,0.09637884209736262
Iraq,IRQ,37,0.024094710524340656
Iraq,IRQ,38,0.024094710524340656
Iraq,IRQ,39,0.024094710524340656
Iraq,IRQ,40,0.12047355262170328
Iraq,IRQ,41,0.14456826314604396
Iraq,IRQ,42,0.1686629736703846
Iraq,IRQ,43,0.12047355262170328
Iraq,IRQ,44,0.12047355262170328
Iraq,IRQ,45,0
Iraq,IRQ,46,0.19275768419472525
Iraq,IRQ,47,0.24094710524340657
Iraq,IRQ,48,0.14456826314604396
Iraq,IRQ,49,0.024094710524340656
Iraq,IRQ,50,0
Iraq,IRQ,51,0.21685239471906592
Iraq,IRQ,52,0
Iraq,IRQ,53,0.5541783420598352
Iraq,IRQ,54,0
Iraq,IRQ,55,0.7469360262545603
Iraq,IRQ,56,0
Ireland,IRL,41,0
Ireland,IRL,42,0
Ireland,IRL,43,0.20458298622420004
Ireland,IRL,44,0
Ireland,IRL,45,2.4549958346904006
Ireland,IRL,46,0.8183319448968002
Ireland,IRL,47,0.20458298622420004
Ireland,IRL,48,0.4091659724484001
Ireland,IRL,49,0.6137489586726002
Ireland,IRL,50,2.0458298622420004
Ireland,IRL,51,1.8412468760178005
Ireland,IRL,52,5.523740628053401
Ireland,IRL,53,4.091659724484001
Ireland,IRL,54,7.978736462743802
Ireland,IRL,55,8.183319448968001
Ireland,IRL,56,11.047481256106803
Israel,ISR,33,0
Israel,ISR,34,0
Israel,ISR,35,0.11476366889809317
Israel,ISR,36,0
Israel,ISR,37,0
Israel,ISR,38,0.11476366889809317
Israel,ISR,39,0.22952733779618634
Israel,ISR,40,0.22952733779618634
Israel,ISR,41,0
Israel,ISR,42,0.3442910066942795
Israel,ISR,43,0.22952733779618634
Israel,ISR,44,0.3442910066942795
Israel,ISR,45,0
Israel,ISR,46,0.4590546755923727
Israel,ISR,47,0.688582013388559
Israel,ISR,48,1.6066913645733043
Israel,ISR,49,0
Israel,ISR,50,4.131492080331354
Israel,ISR,51,0
Israel,ISR,52,0
Israel,ISR,53,2.869091722452329
Israel,ISR,54,8.951566174051267
Israel,ISR,55,2.5248007157580497
Israel,ISR,56,5.738183444904658
Italy,ITA,11,0
Italy,ITA,12,0
Italy,ITA,13,0
Italy,ITA,14,0
Italy,ITA,15,0
Italy,ITA,16,0
Italy,ITA,17,0.016911296175934842
Italy,ITA,18,0
Italy,ITA,19,0
Italy,ITA,20,0
Italy,ITA,21,0
Italy,ITA,22,0
Italy,ITA,23,0
Italy,ITA,24,0
Italy,ITA,25,0
Italy,ITA,26,0
Italy,ITA,27,0
Italy,ITA,28,0
Italy,ITA,29,0
Italy,ITA,30,0
Italy,ITA,31,0
Italy,ITA,32,0.10146777705560907
Italy,ITA,33,1.1330568437876345
Italy,ITA,34,0.8117422164448725
Italy,ITA,35,1.7756860984731586
Italy,ITA,36,1.5727505443619405
Italy,ITA,37,1.3190811017229178
Italy,ITA,38,4.227824043983711
Italy,ITA,39,4.024888489872493
Italy,ITA,40,4.058711082224362
Italy,ITA,41,9.487237154699447
Italy,ITA,42,5.868219773049391
Italy,ITA,43,7.880664017985637
Italy,ITA,44,9.926930855273753
Italy,ITA,45,13.004786759293895
Italy,ITA,46,13.156988424877309
Italy,ITA,47,21.08838633139075
Italy,ITA,48,25.231653894494787
Italy,ITA,49,30.389599228154914
Italy,ITA,50,16.522336363888343
Italy,ITA,51,39.115828054937296
Italy,ITA,52,44.831846162403274
Italy,ITA,53,43.07307136010605
Italy,ITA,54,59.13880272724415
Italy,ITA,55,60.71155327160609
Italy,ITA,56,54.67422053679735
Jamaica,JAM,51,0
Jamaica,JAM,52,0
Jamaica,JAM,53,2.0596191077730026
Jamaica,JAM,54,0.3432698512955004
Jamaica,JAM,55,0.6865397025910008
Jamaica,JAM,56,0
Japan,JPN,1,0
Japan,JPN,2,0
Japan,JPN,3,0
Japan,JPN,4,0.01581082074705701
Japan,JPN,5,0
Japan,JPN,6,0.007905410373528505
Japan,JPN,7,0.01581082074705701
Japan,JPN,8,0.007905410373528505
Japan,JPN,9,0.03162164149411402
Japan,JPN,10,0.023716231120585515
Japan,JPN,11,0.023716231120585515
Japan,JPN,12,0.023716231120585515
Japan,JPN,13,0
Japan,JPN,14,0
Japan,JPN,15,0.023716231120585515
Japan,JPN,16,0.01581082074705701
Japan,JPN,17,0
Japan,JPN,18,0
Japan,JPN,19,0.007905410373528505
Japan,JPN,20,0
Japan,JPN,21,0
Japan,JPN,22,0.01581082074705701
Japan,JPN,23,0.007905410373528505
Japan,JPN,24,0.03162164149411402
Japan,JPN,25,0.06324328298822804
Japan,JPN,26,0.09486492448234206
Japan,JPN,27,0.04743246224117103
Japan,JPN,28,0.04743246224117103
Japan,JPN,29,0.06324328298822804
Japan,JPN,30,0.09486492448234206
Japan,JPN,31,0.06324328298822804
Japan,JPN,32,0.09486492448234206
Japan,JPN,33,0.21344608008526963
Japan,JPN,34,0.09486492448234206
Japan,JPN,35,0.10277033485587057
Japan,JPN,36,0.05533787261469954
Japan,JPN,37,0.17391902821762711
Japan,JPN,38,0.18972984896468412
Japan,JPN,39,0.1581082074705701
Japan,JPN,40,0.07114869336175655
Japan,JPN,41,0.11858115560292758
Japan,JPN,42,0.11067574522939908
Japan,JPN,43,0.12648656597645608
Japan,JPN,44,0.2608785423264407
Japan,JPN,45,0.25297313195291216
Japan,JPN,46,0.4664192120381818
Japan,JPN,47,0.37155428755583975
Japan,JPN,48,0.2608785423264407
Japan,JPN,49,0.20554066971174115
Japan,JPN,50,0.42689216017053927
Japan,JPN,51,0.4110813394234823
Japan,JPN,52,0.4347975705440678
Japan,JPN,53,0.3241218253146687
Japan,JPN,54,0.5059462639058243
Japan,JPN,55,0.2687839526999692
Japan,JPN,56,0.11858115560292758
Jordan,JOR,43,0
Jordan,JOR,44,0
Jordan,JOR,45,0
Jordan,JOR,46,0
Jordan,JOR,47,0
Jordan,JOR,48,0
Jordan,JOR,49,0
Jordan,JOR,50,0
Jordan,JOR,51,0
Jordan,JOR,52,0
Jordan,JOR,53,0
Jordan,JOR,54,0
Jordan,JOR,55,0.4897801494456374
Jordan,JOR,56,2.840724866784697
Kazakhstan,KAZ,55,0
Kazakhstan,KAZ,56,0
Kenya,KEN,54,0
Kenya,KEN,55,0
Kenya,KEN,56,0.03738898020004862
Kuwait,KWT,35,1.1620137698631727
Kuwait,KWT,36,0.9296110158905383
Kuwait,KWT,37,7.204485373151671
Kuwait,KWT,38,0
Kuwait,KWT,39,0.46480550794526915
Kuwait,KWT,40,0
Kuwait,KWT,41,2.55643029369898
Kuwait,KWT,42,0
Kuwait,KWT,43,0
Kuwait,KWT,44,0.46480550794526915
Kuwait,KWT,45,0
Kuwait,KWT,46,0
Kuwait,KWT,47,0.9296110158905383
Kuwait,KWT,48,0.46480550794526915
Kuwait,KWT,49,0.23240275397263457
Kuwait,KWT,50,0.9296110158905383
Kuwait,KWT,51,2.55643029369898
Kuwait,KWT,52,0
Kuwait,KWT,53,4.648055079452691
Kuwait,KWT,54,2.7888330476716146
Kuwait,KWT,55,0
Kuwait,KWT,56,4.183249571507422
Latvia,LVA,43,0
Latvia,LVA,44,0
Latvia,LVA,45,0
Latvia,LVA,46,0
Latvia,LVA,47,0
Latvia,LVA,48,1.056527942786899
Latvia,LVA,49,1.5847919141803484
Latvia,LVA,50,1.056527942786899
Latvia,LVA,51,4.226111771147596
Latvia,LVA,52,0
Latvia,LVA,53,0
Latvia,LVA,54,7.395695599508292
Latvia,LVA,55,0.5282639713934495
Latvia,LVA,56,2.641319856967247
Lebanon,LBN,33,0
Lebanon,LBN,34,0
Lebanon,LBN,35,0
Lebanon,LBN,36,0
Lebanon,LBN,37,0.16611861367372144
Lebanon,LBN,38,0
Lebanon,LBN,39,0
Lebanon,LBN,40,0
Lebanon,LBN,41,1.3289489093897715
Lebanon,LBN,42,0.4983558410211643
Lebanon,LBN,43,0
Lebanon,LBN,44,0
Lebanon,LBN,45,0.4983558410211643
Lebanon,LBN,46,0.9967116820423286
Lebanon,LBN,47,0.9967116820423286
Lebanon,LBN,48,0.6644744546948858
Lebanon,LBN,49,1.4950675230634929
Lebanon,LBN,50,0
Lebanon,LBN,51,4.152965341843036
Lebanon,LBN,52,0
Lebanon,LBN,53,1.8273047504109359
Lebanon,LBN,54,2.657897818779543
Lebanon,LBN,55,0.9967116820423286
Lebanon,LBN,56,1.6611861367372145
Lithuania,LTU,39,0
Lithuania,LTU,40,0
Lithuania,LTU,41,0
Lithuania,LTU,42,0
Lithuania,LTU,43,0
Lithuania,LTU,44,0
Lithuania,LTU,45,0
Lithuania,LTU,46,0
Lithuania,LTU,47,0
Lithuania,LTU,48,0
Lithuania,LTU,49,0
Lithuania,LTU,50,0
Lithuania,LTU,51,0.7011447590480978
Lithuania,LTU,52,0
Lithuania,LTU,53,1.0517171385721467
Lithuania,LTU,54,1.0517171385721467
Lithuania,LTU,55,1.7528618976202446
Lithuania,LTU,56,1.0517171385721467
Luxembourg,LUX,42,0
Luxembourg,LUX,43,0
Luxembourg,LUX,44,0
Luxembourg,LUX,45,0
Luxembourg,LUX,46,1.6557826553455286
Luxembourg,LUX,47,0
Luxembourg,LUX,48,0
Luxembourg,LUX,49,4.967347966036586
Luxembourg,LUX,50,0
Luxembourg,LUX,51,19.869391864146344
Luxembourg,LUX,52,0
Luxembourg,LUX,53,34.771435762256104
Luxembourg,LUX,54,0
Luxembourg,LUX,55,0
Luxembourg,LUX,56,71.19865417985773
Macedonia,MKD,38,0
Macedonia,MKD,39,0
Macedonia,MKD,40,0
Macedonia,MKD,41,0
Macedonia,MKD,42,0
Macedonia,MKD,43,0
Macedonia,MKD,44,0
Macedonia,MKD,45,0
Macedonia,MKD,46,0.9578383504107931
Macedonia,MKD,47,0
Macedonia,MKD,48,0
Macedonia,MKD,49,1.9156767008215863
Macedonia,MKD,50,0
Macedonia,MKD,51,0
Macedonia,MKD,52,0
Macedonia,MKD,53,0.9578383504107931
Macedonia,MKD,54,1.9156767008215863
Macedonia,MKD,55,0
Macedonia,MKD,56,2.873515051232379
Malaysia,MYS,6,0.03042350461553468
Malaysia,MYS,7,0
Malaysia,MYS,8,0
Malaysia,MYS,9,0.09127051384660403
Malaysia,MYS,10,0.03042350461553468
Malaysia,MYS,11,0
Malaysia,MYS,12,0
Malaysia,MYS,13,0
Malaysia,MYS,14,0.06084700923106936
Malaysia,MYS,15,0
Malaysia,MYS,16,0.06084700923106936
Malaysia,MYS,17,0.06084700923106936
Malaysia,MYS,18,0.03042350461553468
Malaysia,MYS,19,0.06084700923106936
Malaysia,MYS,20,0.03042350461553468
Malaysia,MYS,21,0
Malaysia,MYS,22,0
Malaysia,MYS,23,0
Malaysia,MYS,24,0.03042350461553468
Malaysia,MYS,25,0.06084700923106936
Malaysia,MYS,26,0.03042350461553468
Malaysia,MYS,27,0
Malaysia,MYS,28,0
Malaysia,MYS,29,0
Malaysia,MYS,30,0
Malaysia,MYS,31,0
Malaysia,MYS,32,0
Malaysia,MYS,33,0
Malaysia,MYS,34,0
Malaysia,MYS,35,0
Malaysia,MYS,36,0
Malaysia,MYS,37,0
Malaysia,MYS,38,0.06084700923106936
Malaysia,MYS,39,0
Malaysia,MYS,40,0
Malaysia,MYS,41,0
Malaysia,MYS,42,0.1521175230776734
Malaysia,MYS,43,0.6388935969262283
Malaysia,MYS,44,0
Malaysia,MYS,45,0.1521175230776734
Malaysia,MYS,46,0.851858129234971
Malaysia,MYS,47,0.3042350461553468
Malaysia,MYS,48,0
Malaysia,MYS,49,0.7301641107728323
Malaysia,MYS,50,0.36508205538641614
Malaysia,MYS,51,0
Malaysia,MYS,52,0
Malaysia,MYS,53,2.0687983138563584
Malaysia,MYS,54,1.2473636892369218
Malaysia,MYS,55,9.583403953893423
Malaysia,MYS,56,0
Maldives,MDV,48,4.358162511521892
Maldives,MDV,49,0
Maldives,MDV,50,8.716325023043783
Maldives,MDV,51,0
Maldives,MDV,52,0
Maldives,MDV,53,2.179081255760946
Maldives,MDV,54,2.179081255760946
Maldives,MDV,55,6.537243767282838
Maldives,MDV,56,0
Malta,MLT,48,0
Malta,MLT,49,2.3022218743309164
Malta,MLT,50,0
Malta,MLT,51,4.604443748661833
Malta,MLT,52,6.906665622992749
Malta,MLT,53,6.906665622992749
Malta,MLT,54,0
Malta,MLT,55,20.71999686897825
Malta,MLT,56,20.71999686897825
Martinique,MTQ,48,0
Martinique,MTQ,49,0
Martinique,MTQ,50,2.5943231021877926
Martinique,MTQ,51,0
Martinique,MTQ,52,2.5943231021877926
Martinique,MTQ,53,5.188646204375585
Martinique,MTQ,54,10.37729240875117
Martinique,MTQ,55,12.971615510938964
Martinique,MTQ,56,2.5943231021877926
Mauritania,MRT,55,0
Mauritania,MRT,56,0
Mayotte,MYT,55,0
Mayotte,MYT,56,0
Mexico,MEX,40,0
Mexico,MEX,41,0.022409796032983546
Mexico,MEX,42,0
Mexico,MEX,43,0
Mexico,MEX,44,0
Mexico,MEX,45,0
Mexico,MEX,46,0
Mexico,MEX,47,0.014939864021989031
Mexico,MEX,48,0
Mexico,MEX,49,0
Mexico,MEX,50,0
Mexico,MEX,51,0.029879728043978062
Mexico,MEX,52,0.0074699320109945155
Mexico,MEX,53,0.10457904815392322
Mexico,MEX,54,0.11204898016491772
Mexico,MEX,55,0.08963918413193418
Mexico,MEX,56,0
Moldova,MDA,48,0
Moldova,MDA,49,0
Moldova,MDA,50,0.4977988579000804
Moldova,MDA,51,0.2488994289500402
Moldova,MDA,52,0
Moldova,MDA,53,0.9955977158001608
Moldova,MDA,54,0.9955977158001608
Moldova,MDA,55,2.737893718450442
Moldova,MDA,56,1.493396573700241
Mongolia,MNG,50,0
Mongolia,MNG,51,0
Mongolia,MNG,52,0
Mongolia,MNG,53,0
Mongolia,MNG,54,0
Mongolia,MNG,55,0
Mongolia,MNG,56,0.9347529946370103
Morocco,MAR,43,0
Morocco,MAR,44,0.026975468886251408
Morocco,MAR,45,0
Morocco,MAR,46,0
Morocco,MAR,47,0
Morocco,MAR,48,0
Morocco,MAR,49,0
Morocco,MAR,50,0.026975468886251408
Morocco,MAR,51,0.053950937772502816
Morocco,MAR,52,0.026975468886251408
Morocco,MAR,53,0.026975468886251408
Morocco,MAR,54,0.2967301577487655
Morocco,MAR,55,0.2697546888625141
Morocco,MAR,56,0.2697546888625141
Namibia,NAM,55,0
Namibia,NAM,56,0
Nepal,NPL,5,0
Nepal,NPL,6,0
Nepal,NPL,7,0
Nepal,NPL,8,0
Nepal,NPL,9,0
Nepal,NPL,10,0
Nepal,NPL,11,0
Nepal,NPL,12,0
Nepal,NPL,13,0
Nepal,NPL,14,0
Nepal,NPL,15,0
Nepal,NPL,16,0
Nepal,NPL,17,0
Nepal,NPL,18,0
Nepal,NPL,19,0
Nepal,NPL,20,0
Nepal,NPL,21,0
Nepal,NPL,22,0
Nepal,NPL,23,0
Nepal,NPL,24,0
Nepal,NPL,25,0
Nepal,NPL,26,0
Nepal,NPL,27,0
Nepal,NPL,28,0
Nepal,NPL,29,0
Nepal,NPL,30,0
Nepal,NPL,31,0
Nepal,NPL,32,0
Nepal,NPL,33,0
Nepal,NPL,34,0
Nepal,NPL,35,0
Nepal,NPL,36,0
Nepal,NPL,37,0
Nepal,NPL,38,0
Nepal,NPL,39,0
Nepal,NPL,40,0
Nepal,NPL,41,0
Nepal,NPL,42,0
Nepal,NPL,43,0
Nepal,NPL,44,0
Nepal,NPL,45,0
Nepal,NPL,46,0
Nepal,NPL,47,0
Nepal,NPL,48,0
Nepal,NPL,49,0
Nepal,NPL,50,0
Nepal,NPL,51,0
Nepal,NPL,52,0
Nepal,NPL,53,0
Nepal,NPL,54,0
Nepal,NPL,55,0
Nepal,NPL,56,0
Netherlands,NLD,39,0.058202989678048996
Netherlands,NLD,40,0.291014948390245
Netherlands,NLD,41,0.349217938068294
Netherlands,NLD,42,0.291014948390245
Netherlands,NLD,43,0.58202989678049
Netherlands,NLD,44,0.58202989678049
Netherlands,NLD,45,2.5609315458341557
Netherlands,NLD,46,2.677337525190254
Netherlands,NLD,47,3.49217938068294
Netherlands,NLD,48,4.481630205209773
Netherlands,NLD,49,3.259367421970744
Netherlands,NLD,50,3.550382370360989
Netherlands,NLD,51,7.0425617510439285
Netherlands,NLD,52,6.460531854263439
Netherlands,NLD,53,11.058568038829309
Netherlands,NLD,54,9.021463400097595
Netherlands,NLD,55,10.243726183336623
Netherlands,NLD,56,16.18043113049762
New Zealand,NZL,39,0
New Zealand,NZL,40,0
New Zealand,NZL,41,0
New Zealand,NZL,42,0.2068500461275603
New Zealand,NZL,43,0
New Zealand,NZL,44,0
New Zealand,NZL,45,0.4137000922551206
New Zealand,NZL,46,0.2068500461275603
New Zealand,NZL,47,0
New Zealand,NZL,48,0
New Zealand,NZL,49,0
New Zealand,NZL,50,0
New Zealand,NZL,51,0
New Zealand,NZL,52,0
New Zealand,NZL,53,0.2068500461275603
New Zealand,NZL,54,0
New Zealand,NZL,55,0
New Zealand,NZL,56,1.0342502306378014
Nigeria,NGA,39,0
Nigeria,NGA,40,0
Nigeria,NGA,41,0
Nigeria,NGA,42,0
Nigeria,NGA,43,0
Nigeria,NGA,44,0
Nigeria,NGA,45,0
Nigeria,NGA,46,0
Nigeria,NGA,47,0
Nigeria,NGA,48,0.004850773213977924
Nigeria,NGA,49,0
Nigeria,NGA,50,0
Nigeria,NGA,51,0
Nigeria,NGA,52,0
Nigeria,NGA,53,0
Nigeria,NGA,54,0
Nigeria,NGA,55,0
Nigeria,NGA,56,0
Norway,NOR,38,0.5504897248340411
Norway,NOR,39,0.36699314988936077
Norway,NOR,40,1.6514691745021233
Norway,NOR,41,0.7339862997787215
Norway,NOR,42,1.1009794496680823
Norway,NOR,43,1.2844760246127627
Norway,NOR,44,4.403917798672329
Norway,NOR,45,5.504897248340411
Norway,NOR,46,4.9544075235063705
Norway,NOR,47,6.238883548119133
Norway,NOR,48,4.036924648782969
Norway,NOR,49,4.220421223727649
Norway,NOR,50,15.597208870297832
Norway,NOR,51,38.901273888272236
Norway,NOR,52,0
Norway,NOR,53,47.892606060561576
Norway,NOR,54,28.80896226631482
Norway,NOR,55,31.194417740595664
Norway,NOR,56,16.881684894910595
Oman,OMN,36,0.38837213818280675
Oman,OMN,37,0
Oman,OMN,38,0.38837213818280675
Oman,OMN,39,0
Oman,OMN,40,0
Oman,OMN,41,0
Oman,OMN,42,0
Oman,OMN,43,1.1651164145484203
Oman,OMN,44,0.5825582072742101
Oman,OMN,45,0.19418606909140337
Oman,OMN,46,0
Oman,OMN,47,0
Oman,OMN,48,0
Oman,OMN,49,0.38837213818280675
Oman,OMN,50,0
Oman,OMN,51,0
Oman,OMN,52,0
Oman,OMN,53,0.19418606909140337
Oman,OMN,54,0.19418606909140337
Oman,OMN,55,0.38837213818280675
Oman,OMN,56,0.38837213818280675
Pakistan,PAK,38,0
Pakistan,PAK,39,0
Pakistan,PAK,40,0.009598663835278406
Pakistan,PAK,41,0
Pakistan,PAK,42,0.004799331917639203
Pakistan,PAK,43,0
Pakistan,PAK,44,0
Pakistan,PAK,45,0
Pakistan,PAK,46,0
Pakistan,PAK,47,0
Pakistan,PAK,48,0.004799331917639203
Pakistan,PAK,49,0.04799331917639203
Pakistan,PAK,50,0
Pakistan,PAK,51,0.014397995752917609
Pakistan,PAK,52,0.004799331917639203
Pakistan,PAK,53,0.004799331917639203
Pakistan,PAK,54,0.03359532342347442
Pakistan,PAK,55,0.11518396602334087
Pakistan,PAK,56,0.6479098088812925
Palestine,PSE,45,0.5636312431319185
Palestine,PSE,46,1.6908937293957553
Palestine,PSE,47,0
Palestine,PSE,48,0.5636312431319185
Palestine,PSE,49,1.3151395673078097
Palestine,PSE,50,0.7515083241758913
Palestine,PSE,51,0
Palestine,PSE,52,0.18787708104397283
Palestine,PSE,53,0.7515083241758913
Palestine,PSE,54,0.5636312431319185
Palestine,PSE,55,0
Palestine,PSE,56,0.18787708104397283
Panama,PAN,50,1.631956506027748
Panama,PAN,51,0.46627328743649943
Panama,PAN,52,0.9325465748729989
Panama,PAN,53,3.0307763683372464
Panama,PAN,54,0
Panama,PAN,55,3.7301862994919954
Panama,PAN,56,6.061552736674493
Paraguay,PRY,49,0
Paraguay,PRY,50,0.5660647040259937
Paraguay,PRY,51,0
Paraguay,PRY,52,0
Paraguay,PRY,53,0.14151617600649843
Paraguay,PRY,54,0
Paraguay,PRY,55,0.28303235201299687
Paraguay,PRY,56,0.14151617600649843
Peru,PER,47,0.1500952594573672
Peru,PER,48,0
Peru,PER,49,0.09005715567442032
Peru,PER,50,0.060038103782946876
Peru,PER,51,0.18011431134884065
Peru,PER,52,0.1500952594573672
Peru,PER,53,0.18011431134884065
Peru,PER,54,0.4502857783721016
Peru,PER,55,0.8405334529612564
Peru,PER,56,0.4502857783721016
Philippines,PHL,10,0
Philippines,PHL,11,0
Philippines,PHL,12,0.009115488093003065
Philippines,PHL,13,0
Philippines,PHL,14,0
Philippines,PHL,15,0.009115488093003065
Philippines,PHL,16,0
Philippines,PHL,17,0
Philippines,PHL,18,0
Philippines,PHL,19,0
Philippines,PHL,20,0
Philippines,PHL,21,0
Philippines,PHL,22,0
Philippines,PHL,23,0
Philippines,PHL,24,0
Philippines,PHL,25,0
Philippines,PHL,26,0
Philippines,PHL,27,0
Philippines,PHL,28,0
Philippines,PHL,29,0
Philippines,PHL,30,0
Philippines,PHL,31,0
Philippines,PHL,32,0
Philippines,PHL,33,0
Philippines,PHL,34,0
Philippines,PHL,35,0
Philippines,PHL,36,0
Philippines,PHL,37,0
Philippines,PHL,38,0
Philippines,PHL,39,0
Philippines,PHL,40,0
Philippines,PHL,41,0
Philippines,PHL,42,0
Philippines,PHL,43,0
Philippines,PHL,44,0
Philippines,PHL,45,0.01823097618600613
Philippines,PHL,46,0
Philippines,PHL,47,0.009115488093003065
Philippines,PHL,48,0.03646195237201226
Philippines,PHL,49,0.20965622613907048
Philippines,PHL,50,0.14584780948804904
Philippines,PHL,51,0.027346464279009195
Philippines,PHL,52,0
Philippines,PHL,53,0.10938585711603678
Philippines,PHL,54,0.428427940371144
Philippines,PHL,55,0.26434915469708886
Philippines,PHL,56,0.428427940371144
Poland,POL,44,0
Poland,POL,45,0
Poland,POL,46,0.10542342647168007
Poland,POL,47,0.026355856617920018
Poland,POL,48,0.13177928308960007
Poland,POL,49,0.13177928308960007
Poland,POL,50,0.1581351397075201
Poland,POL,51,0.5798288455942404
Poland,POL,52,0.13177928308960007
Poland,POL,53,0.3953378492688002
Poland,POL,54,1.2387252610422408
Poland,POL,55,1.0278784080988808
Poland,POL,56,0
Portugal,PRT,43,0
Portugal,PRT,44,0.4893127729325483
Portugal,PRT,45,0.19572510917301933
Portugal,PRT,46,0.39145021834603866
Portugal,PRT,47,0.7829004366920773
Portugal,PRT,48,0.880762991278587
Portugal,PRT,49,0
Portugal,PRT,50,1.0764881004516063
Portugal,PRT,51,0
Portugal,PRT,52,0
Portugal,PRT,53,6.948241375642186
Portugal,PRT,54,0
Portugal,PRT,55,13.015719760005785
Portugal,PRT,56,8.416179694439831
Puerto Rico,PRI,54,0
Puerto Rico,PRI,55,0
Puerto Rico,PRI,56,0
Qatar,QAT,41,0.7163818988920079
Qatar,QAT,42,1.4327637977840157
Qatar,QAT,43,0.35819094944600394
Qatar,QAT,44,0
Qatar,QAT,45,0
Qatar,QAT,46,1.0745728483380117
Qatar,QAT,47,0.35819094944600394
Qatar,QAT,48,1.0745728483380117
Qatar,QAT,49,1.0745728483380117
Qatar,QAT,50,2.1491456966760234
Qatar,QAT,51,85.24944596814893
Qatar,QAT,52,0
Qatar,QAT,53,0
Qatar,QAT,54,26.864321208450296
Qatar,QAT,55,22.924220764544252
Qatar,QAT,56,13.611256078948148
Reunion,REU,53,2.230808355715777
Reunion,REU,54,1.1154041778578885
Reunion,REU,55,3.3462125335736657
Reunion,REU,56,0
Romania,ROU,38,0
Romania,ROU,39,0.10315466567005506
Romania,ROU,40,0
Romania,ROU,41,0
Romania,ROU,42,0
Romania,ROU,43,0.05157733283502753
Romania,ROU,44,0
Romania,ROU,45,0.10315466567005506
Romania,ROU,46,0.05157733283502753
Romania,ROU,47,0.30946399701016514
Romania,ROU,48,0.10315466567005506
Romania,ROU,49,0
Romania,ROU,50,0.5157733283502752
Romania,ROU,51,1.186278655205633
Romania,ROU,52,0
Romania,ROU,53,0.8252373253604405
Romania,ROU,54,3.043062637266624
Romania,ROU,55,1.8052066492259635
Romania,ROU,56,0
Russia,RUS,12,0
Russia,RUS,13,0
Russia,RUS,14,0
Russia,RUS,15,0
Russia,RUS,16,0
Russia,RUS,17,0
Russia,RUS,18,0
Russia,RUS,19,0
Russia,RUS,20,0
Russia,RUS,21,0
Russia,RUS,22,0
Russia,RUS,23,0
Russia,RUS,24,0
Russia,RUS,25,0
Russia,RUS,26,0
Russia,RUS,27,0
Russia,RUS,28,0
Russia,RUS,29,0
Russia,RUS,30,0
Russia,RUS,31,0
Russia,RUS,32,0
Russia,RUS,33,0
Russia,RUS,34,0
Russia,RUS,35,0
Russia,RUS,36,0
Russia,RUS,37,0
Russia,RUS,38,0
Russia,RUS,39,0
Russia,RUS,40,0
Russia,RUS,41,0
Russia,RUS,42,0.006954739293877808
Russia,RUS,43,0
Russia,RUS,44,0
Russia,RUS,45,0.006954739293877808
Russia,RUS,46,0.020864217881633423
Russia,RUS,47,0
Russia,RUS,48,0
Russia,RUS,49,0
Russia,RUS,50,0
Russia,RUS,51,0.0904116108204115
Russia,RUS,52,0.09736635011428932
Russia,RUS,53,0
Russia,RUS,54,0
Russia,RUS,55,0.20168743952245644
Russia,RUS,56,0.20864217881633423
Rwanda,RWA,56,0.15282139236640335
Saint Lucia,LCA,56,5.518672428160682
Saint Vincent and the Grenadines,VCT,53,0
Saint Vincent and the Grenadines,VCT,54,0
Saint Vincent and the Grenadines,VCT,55,0
Saint Vincent and the Grenadines,VCT,56,0
Saudi Arabia,SAU,43,0
Saudi Arabia,SAU,44,0.02881043998151522
Saudi Arabia,SAU,45,0.17286263988909134
Saudi Arabia,SAU,46,0
Saudi Arabia,SAU,47,0.08643131994454567
Saudi Arabia,SAU,48,0.11524175992606088
Saudi Arabia,SAU,49,0
Saudi Arabia,SAU,50,0.14405219990757612
Saudi Arabia,SAU,51,0.02881043998151522
Saudi Arabia,SAU,52,0
Saudi Arabia,SAU,53,1.1812280392421242
Saudi Arabia,SAU,54,1.1812280392421242
Saudi Arabia,SAU,55,0
Saudi Arabia,SAU,56,0.8643131994454566
Senegal,SEN,43,0
Senegal,SEN,44,0.17441704301019628
Senegal,SEN,45,0
Senegal,SEN,46,0
Senegal,SEN,47,0
Senegal,SEN,48,0
Senegal,SEN,49,0
Senegal,SEN,50,0
Senegal,SEN,51,0
Senegal,SEN,52,0.34883408602039256
Senegal,SEN,53,0
Senegal,SEN,54,0.639529157704053
Senegal,SEN,55,0.2906950716836605
Senegal,SEN,56,0.058139014336732096
Serbia,SRB,46,0
Serbia,SRB,47,0
Serbia,SRB,48,0
Serbia,SRB,49,0
Serbia,SRB,50,1.2637951861352017
Serbia,SRB,51,0.8042333002678557
Serbia,SRB,52,0
Serbia,SRB,53,1.3786856576020383
Serbia,SRB,54,1.1489047146683653
Serbia,SRB,55,0
Serbia,SRB,56,3.3318236725382593
Seychelles,SYC,56,20.809056101215244
Singapore,SGP,4,0.33698098399458265
Singapore,SGP,5,0.16849049199729133
Singapore,SGP,6,0
Singapore,SGP,7,0.5054714759918739
Singapore,SGP,8,0
Singapore,SGP,9,0.5054714759918739
Singapore,SGP,10,0.5054714759918739
Singapore,SGP,11,0.5054714759918739
Singapore,SGP,12,0.33698098399458265
Singapore,SGP,13,0
Singapore,SGP,14,0
Singapore,SGP,15,1.0109429519837478
Singapore,SGP,16,0.6739619679891653
Singapore,SGP,17,0.33698098399458265
Singapore,SGP,18,0.5054714759918739
Singapore,SGP,19,1.1794334439810392
Singapore,SGP,20,0.5054714759918739
Singapore,SGP,21,0.33698098399458265
Singapore,SGP,22,0.33698098399458265
Singapore,SGP,23,0.5054714759918739
Singapore,SGP,24,1.3479239359783306
Singapore,SGP,25,1.516414427975622
Singapore,SGP,26,0.8424524599864566
Singapore,SGP,27,0.5054714759918739
Singapore,SGP,28,0.33698098399458265
Singapore,SGP,29,0.6739619679891653
Singapore,SGP,30,0.5054714759918739
Singapore,SGP,31,0.16849049199729133
Singapore,SGP,32,0.16849049199729133
Singapore,SGP,33,0.5054714759918739
Singapore,SGP,34,0
Singapore,SGP,35,0.16849049199729133
Singapore,SGP,36,0.16849049199729133
Singapore,SGP,37,0.33698098399458265
Singapore,SGP,38,0.5054714759918739
Singapore,SGP,39,0.33698098399458265
Singapore,SGP,40,0.6739619679891653
Singapore,SGP,41,0.6739619679891653
Singapore,SGP,42,0.33698098399458265
Singapore,SGP,43,0.33698098399458265
Singapore,SGP,44,0
Singapore,SGP,45,1.1794334439810392
Singapore,SGP,46,2.1903763959647873
Singapore,SGP,47,1.3479239359783306
Singapore,SGP,48,2.0218859039674957
Singapore,SGP,49,1.6849049199729131
Singapore,SGP,50,1.0109429519837478
Singapore,SGP,51,2.0218859039674957
Singapore,SGP,52,1.516414427975622
Singapore,SGP,53,2.1903763959647873
Singapore,SGP,54,2.0218859039674957
Singapore,SGP,55,5.223205251916031
Singapore,SGP,56,0
Slovakia,SVK,47,0.36687823311442935
Slovakia,SVK,48,0.36687823311442935
Slovakia,SVK,49,0.36687823311442935
Slovakia,SVK,50,0
Slovakia,SVK,51,0.550317349671644
Slovakia,SVK,52,2.017830282129361
Slovakia,SVK,53,1.650952049014932
Slovakia,SVK,54,2.5681476318010055
Slovakia,SVK,55,3.1184649814726493
Slovakia,SVK,56,2.017830282129361
Slovenia,SVN,45,2.401473544166701
Slovenia,SVN,46,1.4408841265000205
Slovenia,SVN,47,1.4408841265000205
Slovenia,SVN,48,1.9211788353333605
Slovenia,SVN,49,3.362062961833381
Slovenia,SVN,50,3.842357670666721
Slovenia,SVN,51,12.487662429666843
Slovenia,SVN,52,0
Slovenia,SVN,53,40.34475554200057
Slovenia,SVN,54,0
Slovenia,SVN,55,37.46298728900053
Slovenia,SVN,56,16.330020100333563
South Africa,ZAF,46,0
South Africa,ZAF,47,0.017029616324958047
South Africa,ZAF,48,0.017029616324958047
South Africa,ZAF,49,0.06811846529983219
South Africa,ZAF,50,0
South Africa,ZAF,51,0.10217769794974828
South Africa,ZAF,52,0.06811846529983219
South Africa,ZAF,53,0
South Africa,ZAF,54,0.35762194282411897
South Africa,ZAF,55,0.2213850122244546
South Africa,ZAF,56,0.1873257795745385
South Korea,KOR,1,0
South Korea,KOR,2,0
South Korea,KOR,3,0.019414846241698334
South Korea,KOR,4,0
South Korea,KOR,5,0
South Korea,KOR,6,0.03882969248339667
South Korea,KOR,7,0
South Korea,KOR,8,0
South Korea,KOR,9,0
South Korea,KOR,10,0.13590392369188833
South Korea,KOR,11,0.019414846241698334
South Korea,KOR,12,0.058244538725095
South Korea,KOR,13,0
South Korea,KOR,14,0.019414846241698334
South Korea,KOR,15,0.03882969248339667
South Korea,KOR,16,0.09707423120849167
South Korea,KOR,17,0.019414846241698334
South Korea,KOR,18,0
South Korea,KOR,19,0.058244538725095
South Korea,KOR,20,0
South Korea,KOR,21,0.019414846241698334
South Korea,KOR,22,0
South Korea,KOR,23,0
South Korea,KOR,24,0
South Korea,KOR,25,0
South Korea,KOR,26,0.019414846241698334
South Korea,KOR,27,0.019414846241698334
South Korea,KOR,28,0.019414846241698334
South Korea,KOR,29,0.38829692483396666
South Korea,KOR,30,1.0289868508100117
South Korea,KOR,31,1.9414846241698334
South Korea,KOR,32,2.7569081663211636
South Korea,KOR,33,4.970200637874774
South Korea,KOR,34,3.1257902449134316
South Korea,KOR,35,4.154777095723444
South Korea,KOR,36,5.513816332642327
South Korea,KOR,37,9.804497352057659
South Korea,KOR,38,11.08587720400975
South Korea,KOR,39,15.784269994500745
South Korea,KOR,40,11.377099897635224
South Korea,KOR,41,9.241466811048408
South Korea,KOR,42,11.648907745019
South Korea,KOR,43,10.01806066071634
South Korea,KOR,44,8.50370265386387
South Korea,KOR,45,10.056890353199737
South Korea,KOR,46,9.377370734740296
South Korea,KOR,47,7.125248570703288
South Korea,KOR,48,4.814881867941187
South Korea,KOR,49,2.5433448576624818
South Korea,KOR,50,4.698392790490997
South Korea,KOR,51,2.21329247155361
South Korea,KOR,52,2.1356330865868167
South Korea,KOR,53,2.077388547861722
South Korea,KOR,54,1.4755283143690734
South Korea,KOR,55,1.4366986218856768
South Korea,KOR,56,1.6308470843026601
Spain,ESP,12,0
Spain,ESP,13,0
Spain,ESP,14,0
Spain,ESP,15,0
Spain,ESP,16,0
Spain,ESP,17,0
Spain,ESP,18,0
Spain,ESP,19,0
Spain,ESP,20,0.021524253345713795
Spain,ESP,21,0
Spain,ESP,22,0
Spain,ESP,23,0
Spain,ESP,24,0
Spain,ESP,25,0
Spain,ESP,26,0
Spain,ESP,27,0
Spain,ESP,28,0
Spain,ESP,29,0
Spain,ESP,30,0
Spain,ESP,31,0
Spain,ESP,32,0
Spain,ESP,33,0
Spain,ESP,34,0
Spain,ESP,35,0
Spain,ESP,36,0
Spain,ESP,37,0.21524253345713795
Spain,ESP,38,0.2798152934942793
Spain,ESP,39,0.15066977341999657
Spain,ESP,40,0.2798152934942793
Spain,ESP,41,0
Spain,ESP,42,1.4851734808542518
Spain,ESP,43,0.7963973737914104
Spain,ESP,44,1.0116399072485485
Spain,ESP,45,1.2699309473971139
Spain,ESP,46,2.518337641448514
Spain,ESP,47,1.2053581873599726
Spain,ESP,48,3.422356281968493
Spain,ESP,49,9.3630502053855
Spain,ESP,50,13.237415807613983
Spain,ESP,51,10.783650926202611
Spain,ESP,52,17.75750901021388
Spain,ESP,53,27.249704735673664
Spain,ESP,54,32.759913592176396
Spain,ESP,55,43.04850669142759
Spain,ESP,56,30.951876311136438
Sri Lanka,LKA,8,0
Sri Lanka,LKA,9,0
Sri Lanka,LKA,10,0
Sri Lanka,LKA,11,0
Sri Lanka,LKA,12,0
Sri Lanka,LKA,13,0
Sri Lanka,LKA,14,0
Sri Lanka,LKA,15,0
Sri Lanka,LKA,16,0
Sri Lanka,LKA,17,0
Sri Lanka,LKA,18,0
Sri Lanka,LKA,19,0
Sri Lanka,LKA,20,0
Sri Lanka,LKA,21,0
Sri Lanka,LKA,22,0
Sri Lanka,LKA,23,0
Sri Lanka,LKA,24,0
Sri Lanka,LKA,25,0
Sri Lanka,LKA,26,0
Sri Lanka,LKA,27,0
Sri Lanka,LKA,28,0
Sri Lanka,LKA,29,0
Sri Lanka,LKA,30,0
Sri Lanka,LKA,31,0
Sri Lanka,LKA,32,0
Sri Lanka,LKA,33,0
Sri Lanka,LKA,34,0
Sri Lanka,LKA,35,0
Sri Lanka,LKA,36,0
Sri Lanka,LKA,37,0
Sri Lanka,LKA,38,0
Sri Lanka,LKA,39,0
Sri Lanka,LKA,40,0
Sri Lanka,LKA,41,0
Sri Lanka,LKA,42,0
Sri Lanka,LKA,43,0
Sri Lanka,LKA,44,0
Sri Lanka,LKA,45,0
Sri Lanka,LKA,46,0
Sri Lanka,LKA,47,0
Sri Lanka,LKA,48,0
Sri Lanka,LKA,49,0
Sri Lanka,LKA,50,0
Sri Lanka,LKA,51,0.04742923581730676
Sri Lanka,LKA,52,0.04742923581730676
Sri Lanka,LKA,53,0.14228770745192026
Sri Lanka,LKA,54,0.2371461790865338
Sri Lanka,LKA,55,0.37943388653845406
Sri Lanka,LKA,56,0.4742923581730676
Sudan,SDN,54,0
Sudan,SDN,55,0
Sudan,SDN,56,0.02296675174546739
Suriname,SUR,56,0
Swaziland,SWZ,55,0
Swaziland,SWZ,56,0
Sweden,SWE,12,0
Sweden,SWE,13,0
Sweden,SWE,14,0
Sweden,SWE,15,0
Sweden,SWE,16,0
Sweden,SWE,17,0
Sweden,SWE,18,0
Sweden,SWE,19,0
Sweden,SWE,20,0
Sweden,SWE,21,0
Sweden,SWE,22,0
Sweden,SWE,23,0
Sweden,SWE,24,0
Sweden,SWE,25,0
Sweden,SWE,26,0
Sweden,SWE,27,0
Sweden,SWE,28,0
Sweden,SWE,29,0
Sweden,SWE,30,0
Sweden,SWE,31,0
Sweden,SWE,32,0
Sweden,SWE,33,0
Sweden,SWE,34,0
Sweden,SWE,35,0
Sweden,SWE,36,0
Sweden,SWE,37,0.09879776946251839
Sweden,SWE,38,0.49398884731259196
Sweden,SWE,39,0.49398884731259196
Sweden,SWE,40,0.09879776946251839
Sweden,SWE,41,0.09879776946251839
Sweden,SWE,42,0.09879776946251839
Sweden,SWE,43,0.8891799251626655
Sweden,SWE,44,1.0867754640877023
Sweden,SWE,45,2.568742006025478
Sweden,SWE,46,7.508630479151398
Sweden,SWE,47,2.3711464671004414
Sweden,SWE,48,4.1495063174257725
Sweden,SWE,49,4.445899625813328
Sweden,SWE,50,7.706226018076435
Sweden,SWE,51,13.337698877439983
Sweden,SWE,52,15.708845344540425
Sweden,SWE,53,15.313654266690351
Sweden,SWE,54,14.72086764991524
Sweden,SWE,55,6.718248323451251
Sweden,SWE,56,6.619450553988733
Switzerland,CHE,37,0
Switzerland,CHE,38,0.5766656844127843
Switzerland,CHE,39,0.4613325475302274
Switzerland,CHE,40,0.9226650950604548
Switzerland,CHE,41,0.6919988212953411
Switzerland,CHE,42,0.6919988212953411
Switzerland,CHE,43,0.8073319581778979
Switzerland,CHE,44,2.1913296007685803
Switzerland,CHE,45,3.4599941064767057
Switzerland,CHE,46,14.185975836554492
Switzerland,CHE,47,6.343322528540627
Switzerland,CHE,48,7.842653308013866
Switzerland,CHE,49,0
Switzerland,CHE,50,18.33796876432654
Switzerland,CHE,51,17.761303079913755
Switzerland,CHE,52,24.56595815598461
Switzerland,CHE,53,30.79394754764268
Switzerland,CHE,54,26.987954030518303
Switzerland,CHE,55,96.99516811823031
Switzerland,CHE,56,0
Thailand,THA,1,0
Thailand,THA,2,0.028813931558959904
Thailand,THA,3,0
Thailand,THA,4,0
Thailand,THA,5,0.014406965779479952
Thailand,THA,6,0
Thailand,THA,7,0.12966269201531958
Thailand,THA,8,0
Thailand,THA,9,0
Thailand,THA,10,0
Thailand,THA,11,0.07203482889739976
Thailand,THA,12,0
Thailand,THA,13,0
Thailand,THA,14,0
Thailand,THA,15,0.08644179467687972
Thailand,THA,16,0
Thailand,THA,17,0
Thailand,THA,18,0.10084876045635967
Thailand,THA,19,0
Thailand,THA,20,0
Thailand,THA,21,0.014406965779479952
Thailand,THA,22,0
Thailand,THA,23,0
Thailand,THA,24,0
Thailand,THA,25,0.014406965779479952
Thailand,THA,26,0
Thailand,THA,27,0.014406965779479952
Thailand,THA,28,0
Thailand,THA,29,0
Thailand,THA,30,0
Thailand,THA,31,0
Thailand,THA,32,0
Thailand,THA,33,0
Thailand,THA,34,0
Thailand,THA,35,0.028813931558959904
Thailand,THA,36,0.04322089733843986
Thailand,THA,37,0
Thailand,THA,38,0
Thailand,THA,39,0.028813931558959904
Thailand,THA,40,0
Thailand,THA,41,0
Thailand,THA,42,0.014406965779479952
Thailand,THA,43,0
Thailand,THA,44,0.05762786311791981
Thailand,THA,45,0
Thailand,THA,46,0.014406965779479952
Thailand,THA,47,0.028813931558959904
Thailand,THA,48,0
Thailand,THA,49,0.04322089733843986
Thailand,THA,50,0.08644179467687972
Thailand,THA,51,0.15847662357427947
Thailand,THA,52,0.07203482889739976
Thailand,THA,53,0
Thailand,THA,54,0
Thailand,THA,55,0.5618716653997181
Thailand,THA,56,0.47542987072283843
Togo,TGO,47,0
Togo,TGO,48,0
Togo,TGO,49,0
Togo,TGO,50,0
Togo,TGO,51,0
Togo,TGO,52,0
Togo,TGO,53,0
Togo,TGO,54,0
Togo,TGO,55,0
Togo,TGO,56,0
Trinidad and Tobago,TTO,54,0
Trinidad and Tobago,TTO,55,0.7258321484123511
Trinidad and Tobago,TTO,56,2.177496445237053
Tunisia,TUN,43,0
Tunisia,TUN,44,0
Tunisia,TUN,45,0
Tunisia,TUN,46,0
Tunisia,TUN,47,0
Tunisia,TUN,48,0.08401147395106634
Tunisia,TUN,49,0
Tunisia,TUN,50,0.33604589580426536
Tunisia,TUN,51,0
Tunisia,TUN,52,0.08401147395106634
Tunisia,TUN,53,0.7561032655595971
Tunisia,TUN,54,0
Tunisia,TUN,55,0.16802294790213268
Tunisia,TUN,56,0.16802294790213268
Turkey,TUR,52,0
Turkey,TUR,53,0.047712342288343576
Turkey,TUR,54,0
Turkey,TUR,55,0
Turkey,TUR,56,0.5009795940276075
Ukraine,UKR,44,0
Ukraine,UKR,45,0
Ukraine,UKR,46,0
Ukraine,UKR,47,0
Ukraine,UKR,48,0
Ukraine,UKR,49,0
Ukraine,UKR,50,0
Ukraine,UKR,51,0
Ukraine,UKR,52,0.04589341795222926
Ukraine,UKR,53,0
Ukraine,UKR,54,0
Ukraine,UKR,55,0
Ukraine,UKR,56,0.09178683590445852
United Arab Emirates,ARE,9,0
United Arab Emirates,ARE,10,0
United Arab Emirates,ARE,11,0
United Arab Emirates,ARE,12,0.10190387000327111
United Arab Emirates,ARE,13,0
United Arab Emirates,ARE,14,0
United Arab Emirates,ARE,15,0
United Arab Emirates,ARE,16,0
United Arab Emirates,ARE,17,0
United Arab Emirates,ARE,18,0.20380774000654223
United Arab Emirates,ARE,19,0
United Arab Emirates,ARE,20,0
United Arab Emirates,ARE,21,0.10190387000327111
United Arab Emirates,ARE,22,0
United Arab Emirates,ARE,23,0
United Arab Emirates,ARE,24,0
United Arab Emirates,ARE,25,0
United Arab Emirates,ARE,26,0
United Arab Emirates,ARE,27,0.10190387000327111
United Arab Emirates,ARE,28,0
United Arab Emirates,ARE,29,0
United Arab Emirates,ARE,30,0
United Arab Emirates,ARE,31,0
United Arab Emirates,ARE,32,0.20380774000654223
United Arab Emirates,ARE,33,0.20380774000654223
United Arab Emirates,ARE,34,0
United Arab Emirates,ARE,35,0
United Arab Emirates,ARE,36,0
United Arab Emirates,ARE,37,0
United Arab Emirates,ARE,38,0.6114232200196267
United Arab Emirates,ARE,39,0
United Arab Emirates,ARE,40,0
United Arab Emirates,ARE,41,0.20380774000654223
United Arab Emirates,ARE,42,0
United Arab Emirates,ARE,43,0.6114232200196267
United Arab Emirates,ARE,44,0
United Arab Emirates,ARE,45,0
United Arab Emirates,ARE,46,1.8342696600588801
United Arab Emirates,ARE,47,0
United Arab Emirates,ARE,48,0
United Arab Emirates,ARE,49,1.4266541800457957
United Arab Emirates,ARE,50,1.5285580500490668
United Arab Emirates,ARE,51,0
United Arab Emirates,ARE,52,1.1209425700359823
United Arab Emirates,ARE,53,0
United Arab Emirates,ARE,54,0
United Arab Emirates,ARE,55,1.3247503100425246
United Arab Emirates,ARE,56,0
United Kingdom,GBR,12,0
United Kingdom,GBR,13,0
United Kingdom,GBR,14,0
United Kingdom,GBR,15,0
United Kingdom,GBR,16,0
United Kingdom,GBR,17,0.014851292228758374
United Kingdom,GBR,18,0
United Kingdom,GBR,19,0
United Kingdom,GBR,20,0.014851292228758374
United Kingdom,GBR,21,0.059405168915033495
United Kingdom,GBR,22,0
United Kingdom,GBR,23,0.014851292228758374
United Kingdom,GBR,24,0
United Kingdom,GBR,25,0
United Kingdom,GBR,26,0
United Kingdom,GBR,27,0
United Kingdom,GBR,28,0
United Kingdom,GBR,29,0
United Kingdom,GBR,30,0
United Kingdom,GBR,31,0
United Kingdom,GBR,32,0
United Kingdom,GBR,33,0
United Kingdom,GBR,34,0
United Kingdom,GBR,35,0.059405168915033495
United Kingdom,GBR,36,0
United Kingdom,GBR,37,0
United Kingdom,GBR,38,0.04455387668627512
United Kingdom,GBR,39,0.059405168915033495
United Kingdom,GBR,40,0.04455387668627512
United Kingdom,GBR,41,0.19306679897385887
United Kingdom,GBR,42,0.04455387668627512
United Kingdom,GBR,43,0.17821550674510048
United Kingdom,GBR,44,0.5643491046928182
United Kingdom,GBR,45,0.4306874746339929
United Kingdom,GBR,46,0.7277133192091604
United Kingdom,GBR,47,0.6386055658366101
United Kingdom,GBR,48,0.9950365793268111
United Kingdom,GBR,49,0.6831594425228852
United Kingdom,GBR,50,0.7425646114379187
United Kingdom,GBR,51,1.2920624239019785
United Kingdom,GBR,52,1.9900731586536222
United Kingdom,GBR,53,3.089068783581742
United Kingdom,GBR,54,5.079141942235364
United Kingdom,GBR,55,3.727674349418352
United Kingdom,GBR,56,2.2573964187712727
United States,USA,3,0
United States,USA,4,0.0030172144090549937
United States,USA,5,0
United States,USA,6,0.009051643227164981
United States,USA,7,0
United States,USA,8,0
United States,USA,9,0
United States,USA,10,0.0030172144090549937
United States,USA,11,0.0030172144090549937
United States,USA,12,0.0030172144090549937
United States,USA,13,0.009051643227164981
United States,USA,14,0
United States,USA,15,0
United States,USA,16,0.0030172144090549937
United States,USA,17,0
United States,USA,18,0
United States,USA,19,0
United States,USA,20,0
United States,USA,21,0.0030172144090549937
United States,USA,22,0
United States,USA,23,0.0030172144090549937
United States,USA,24,0.0030172144090549937
United States,USA,25,0
United States,USA,26,0
United States,USA,27,0
United States,USA,28,0
United States,USA,29,0
United States,USA,30,0
United States,USA,31,0
United States,USA,32,0.060344288181099874
United States,USA,33,0
United States,USA,34,0
United States,USA,35,0.05430985936298988
United States,USA,36,0
United States,USA,37,0.018103286454329962
United States,USA,38,0
United States,USA,39,0.009051643227164981
United States,USA,40,0
United States,USA,41,0
United States,USA,42,0.006034428818109987
United States,USA,43,0.13275743399841972
United States,USA,44,0.06336150259015487
United States,USA,45,0.05732707377204488
United States,USA,46,0.19611893658857457
United States,USA,47,0
United States,USA,48,0
United States,USA,49,0.7814585319452433
United States,USA,50,0.6758560276283185
United States,USA,51,0.8780093930350031
United States,USA,52,0.8357683913082332
United States,USA,53,1.2491267653487674
United States,USA,54,0
United States,USA,55,0
United States,USA,56,5.506416296525363
Uruguay,URY,56,0.5723464516093952
Uzbekistan,UZB,56,0
Venezuela,VEN,54,0
Venezuela,VEN,55,0
Venezuela,VEN,56,0.9345120484528218
Vietnam,VNM,4,0
Vietnam,VNM,5,0
Vietnam,VNM,6,0
Vietnam,VNM,7,0
Vietnam,VNM,8,0
Vietnam,VNM,9,0
Vietnam,VNM,10,0.030500158372072345
Vietnam,VNM,11,0.010166719457357448
Vietnam,VNM,12,0.010166719457357448
Vietnam,VNM,13,0.010166719457357448
Vietnam,VNM,14,0.010166719457357448
Vietnam,VNM,15,0.010166719457357448
Vietnam,VNM,16,0
Vietnam,VNM,17,0.020333438914714896
Vietnam,VNM,18,0.010166719457357448
Vietnam,VNM,19,0.010166719457357448
Vietnam,VNM,20,0
Vietnam,VNM,21,0.010166719457357448
Vietnam,VNM,22,0
Vietnam,VNM,23,0.010166719457357448
Vietnam,VNM,24,0
Vietnam,VNM,25,0
Vietnam,VNM,26,0
Vietnam,VNM,27,0
Vietnam,VNM,28,0
Vietnam,VNM,29,0
Vietnam,VNM,30,0
Vietnam,VNM,31,0
Vietnam,VNM,32,0
Vietnam,VNM,33,0
Vietnam,VNM,34,0
Vietnam,VNM,35,0
Vietnam,VNM,36,0
Vietnam,VNM,37,0
Vietnam,VNM,38,0
Vietnam,VNM,39,0
Vietnam,VNM,40,0
Vietnam,VNM,41,0
Vietnam,VNM,42,0
Vietnam,VNM,43,0
Vietnam,VNM,44,0
Vietnam,VNM,45,0
Vietnam,VNM,46,0.010166719457357448
Vietnam,VNM,47,0.04066687782942979
Vietnam,VNM,48,0.09150047511621703
Vietnam,VNM,49,0.010166719457357448
Vietnam,VNM,50,0.04066687782942979
Vietnam,VNM,51,0.04066687782942979
Vietnam,VNM,52,0
Vietnam,VNM,53,0.09150047511621703
Vietnam,VNM,54,0.05083359728678724
Vietnam,VNM,55,0.04066687782942979
Vietnam,VNM,56,0.04066687782942979
World,OWID_WRL,0,0
World,OWID_WRL,1,0.004104941648453942
World,OWID_WRL,2,0.034122327452773396
World,OWID_WRL,3,0.033609209746716655
World,OWID_WRL,4,0.05990649218212472
World,OWID_WRL,5,0.08864108372130232
World,OWID_WRL,6,0.1004427909606074
World,OWID_WRL,7,0.22987673231342076
World,OWID_WRL,8,0.1883141981228246
World,OWID_WRL,9,0.22448899639982497
World,OWID_WRL,10,0.2573285295874565
World,OWID_WRL,11,0.27208066363658784
World,OWID_WRL,12,0.33403962664293957
World,OWID_WRL,13,0.36354389474120224
World,OWID_WRL,14,0.41549706247944745
World,OWID_WRL,15,0.5019573959500087
World,OWID_WRL,16,0.4761732312206573
World,OWID_WRL,17,0.41113556197796514
World,OWID_WRL,18,0.43679144728080227
World,OWID_WRL,19,0.34276262764590415
World,OWID_WRL,20,0.38432516183650034
World,OWID_WRL,21,0.3269842581846593
World,OWID_WRL,22,0.26528185403133603
World,OWID_WRL,23,0.23423823281490308
World,OWID_WRL,24,0.2637425009131658
World,OWID_WRL,25,0.19575440486064738
World,OWID_WRL,26,0.16381282765861513
World,OWID_WRL,27,2.510684935735642
World,OWID_WRL,28,0.24411574865649538
World,OWID_WRL,29,0.24013908643455562
World,OWID_WRL,30,0.06952744917068865
World,OWID_WRL,31,0.1309732944709836
World,OWID_WRL,32,0.13122985332401196
World,OWID_WRL,33,0.13046017676492686
World,OWID_WRL,34,0.06632046350783401
World,OWID_WRL,35,0.11493836615671038
World,OWID_WRL,36,0.11083342450825644
World,OWID_WRL,37,0.1507283261541682
World,OWID_WRL,38,0.17356206407369323
World,OWID_WRL,39,0.2242324375467966
World,OWID_WRL,40,0.2215385695899987
World,OWID_WRL,41,0.23103124715204842
World,OWID_WRL,42,0.24527026349512304
World,OWID_WRL,43,0.2843954885819497
World,OWID_WRL,44,0.28478032686149224
World,OWID_WRL,45,0.36739227753662784
World,OWID_WRL,46,0.4784822608979126
World,OWID_WRL,47,0.46745023021769266
World,OWID_WRL,48,0.5104238380999448
World,OWID_WRL,49,0.5283829578119309
World,OWID_WRL,50,0.5914964356569102
World,OWID_WRL,51,0.8897461023023919
World,OWID_WRL,52,0.9605563457382225
World,OWID_WRL,53,1.2521354822049666
World,OWID_WRL,54,1.4068404705810744
World,OWID_WRL,55,1.7921918678296884
World,OWID_WRL,56,1.487271671005469